<?xml version="1.0" encoding="UTF-8"?>
<metadata xml:lang="zh"><Esri><CreaDate>20211019</CreaDate><CreaTime>15333100</CreaTime><ArcGISFormat>1.0</ArcGISFormat><SyncOnce>TRUE</SyncOnce><DataProperties><lineage><Process ToolSource="f:\arcgis\desktop10.6\ArcToolbox\Toolboxes\Data Management Tools.tbx\CalculateField" Date="20211019" Time="153331">CalculateField modis_sinusoidal_grid_world hv name( !h!, !v! ) PYTHON_9.3 "def name(h,v):\n    return h+v"</Process><Process ToolSource="f:\arcgis\desktop10.6\ArcToolbox\Toolboxes\Data Management Tools.tbx\CalculateField" Date="20211019" Time="153354">CalculateField modis_sinusoidal_grid_world hv name( !h!, !v! ) PYTHON_9.3 "def name(h,v):\n    return str(h)+str(v)"</Process><Process ToolSource="f:\arcgis\desktop10.6\ArcToolbox\Toolboxes\Data Management Tools.tbx\CalculateField" Date="20211019" Time="153425">CalculateField modis_sinusoidal_grid_world hv name( !h!, !v! ) PYTHON_9.3 "def name(h,v):\n    return str(int(h))+str(int(v))"</Process><Process ToolSource="f:\arcgis\desktop10.6\ArcToolbox\Toolboxes\Data Management Tools.tbx\CalculateField" Date="20211019" Time="153538">CalculateField modis_sinusoidal_grid_world hv name( !h!, !v! ) PYTHON_9.3 "def name(h,v):\n    if v &lt; 10:\n        return "h" + str(int(h))+"v0"+str(int(v))\n    else:\n        return "h" + str(int(h))+"v"+str(int(v))"</Process></lineage></DataProperties></Esri></metadata>
